"DESCRIPTION","DURATION IN MS","NAME","PARENT SUITE","START TIME","STATUS","STOP TIME","SUB SUITE","SUITE","TEST CLASS","TEST METHOD"
"","99","Переход по клику на 'Лента заказов'","tests","2026-09-28","passed","2026-09-28","TestConstructor","test_constructor","",""
"","72","Появление всплывающего окна с деталями при клике на ингредиент","tests","2026-09-28","passed","2026-09-28","TestConstructor","test_constructor","",""
"","3127","Увеличение счетчика 'Выполнено за сегодня' при создании заказа","tests","2026-09-28","passed","2026-09-28","TestFeed","test_feed","",""
"","175","Переход по клику на 'Конструктор'","tests","2026-09-28","passed","2026-09-28","TestConstructor","test_constructor","",""
"","10825","Появление номера заказа в разделе 'В работе' после оформления","tests","2026-09-28","passed","2026-09-28","TestFeed","test_feed","",""
"","3172","Увеличение счетчика 'Выполнено за все время' при создании заказа","tests","2026-09-28","passed","2026-09-28","TestFeed","test_feed","",""
"","63","Переход по клику на 'Лента заказов'","tests","2026-09-28","passed","2026-09-28","TestConstructor","test_constructor","",""
"","5347","Увеличение счетчика 'Выполнено за все время' при создании заказа","tests","2026-09-28","passed","2026-09-28","TestFeed","test_feed","",""
"","120","Переход по клику на 'Конструктор'","tests","2026-09-28","passed","2026-09-28","TestConstructor","test_constructor","",""
"","105","Появление всплывающего окна с деталями при клике на ингредиент","tests","2026-09-28","passed","2026-09-28","TestConstructor","test_constructor","",""
"","51","Увеличение счетчика ингредиента при добавлении в заказ","tests","2026-09-28","passed","2026-09-28","TestConstructor","test_constructor","",""
"","141","Увеличение счетчика ингредиента при добавлении в заказ","tests","2026-09-28","passed","2026-09-28","TestConstructor","test_constructor","",""
"","171","Закрытие всплывающего окна кликом по крестику","tests","2026-09-28","passed","2026-09-28","TestConstructor","test_constructor","",""
"","13135","Появление номера заказа в разделе 'В работе' после оформления","tests","2026-09-28","passed","2026-09-28","TestFeed","test_feed","",""
"","5390","Увеличение счетчика 'Выполнено за сегодня' при создании заказа","tests","2026-09-28","passed","2026-09-28","TestFeed","test_feed","",""
"","109","Закрытие всплывающего окна кликом по крестику","tests","2026-09-28","passed","2026-09-28","TestConstructor","test_constructor","",""
